Reference Article, Code Comptable
2011,
2021,
2031,
2037,
2038,
2039,
2040,
2041,
2051,
2061,
2071,
2075,
2081,
2085,
2091,
2095,
2097,
2098,
2100,
2101,
2111,
2121,
2131,
2135,
2136,
2141,
2145,
2146,
2151,
2155,
2156,
2158,
2159,
2160,
2161,
2162,
2171,
2181,
2191,
2201,
2211,
2218,
2219,
2220,
2221,
2222,
2231,
2241,
2251,
2261,
2271,
2281,
2291,
2301,
2311,
2312,
2321,
2331,
2341,
2351,
2361,
2371,
2381,
2391,
2394,
2395,
2411,
2421,
2431,
2441,
2471,
2481,
2601,
2602,
2603,
2604,
2605,
2606,
2607,
2608,
2609,
2610,
2611,
2612,
2701,
2702,
2810,
2820,
2830,
2910,
2920,
2930,
3010,
3020,
3110,
3120,
